-- phpMyAdmin SQL Dump
-- version 4.8.4
-- https://www.phpmyadmin.net/
--
-- Host: 127.0.0.1:3306
-- Generation Time: Oct 14, 2022 at 08:39 AM
-- Server version: 5.7.24
-- PHP Version: 7.2.14

SET SQL_MODE = "NO_AUTO_VALUE_ON_ZERO";
SET AUTOCOMMIT = 0;
START TRANSACTION;
SET time_zone = "+00:00";


/*!40101 SET @OLD_CHARACTER_SET_CLIENT=@@CHARACTER_SET_CLIENT */;
/*!40101 SET @OLD_CHARACTER_SET_RESULTS=@@CHARACTER_SET_RESULTS */;
/*!40101 SET @OLD_COLLATION_CONNECTION=@@COLLATION_CONNECTION */;
/*!40101 SET NAMES utf8mb4 */;

--
-- Database: `ecom_store`
--

-- --------------------------------------------------------

--
-- Table structure for table `about_us`
--

DROP TABLE IF EXISTS `about_us`;
CREATE TABLE IF NOT EXISTS `about_us` (
  `about_id` int(10) NOT NULL AUTO_INCREMENT,
  `about_heading` text NOT NULL,
  `about_short_desc` text NOT NULL,
  `about_desc` text NOT NULL,
  PRIMARY KEY (`about_id`)
) ENGINE=InnoDB AUTO_INCREMENT=2 DEFAULT CHARSET=latin1;

--
-- Dumping data for table `about_us`
--

INSERT INTO `about_us` (`about_id`, `about_heading`, `about_short_desc`, `about_desc`) VALUES
(1, 'About Us - Our Story', '\r\nThe best in Town\r\n\r\n\r\n\r\n', '\r\n\r\nBeyond our product offering, Black friday is founded on principles of progress and integrity. Just as we aim to become better as a company, we invite men everywhere to raise the bar and join us as we move Forever Forward.\r\n\r\n');

-- --------------------------------------------------------

--
-- Table structure for table `admins`
--

DROP TABLE IF EXISTS `admins`;
CREATE TABLE IF NOT EXISTS `admins` (
  `admin_id` int(10) NOT NULL AUTO_INCREMENT,
  `admin_name` varchar(255) NOT NULL,
  `admin_email` varchar(255) NOT NULL,
  `admin_pass` varchar(255) NOT NULL,
  `admin_image` text NOT NULL,
  `admin_contact` varchar(255) NOT NULL,
  `admin_country` text NOT NULL,
  `admin_job` varchar(255) NOT NULL,
  `admin_about` text NOT NULL,
  PRIMARY KEY (`admin_id`)
) ENGINE=InnoDB AUTO_INCREMENT=3 DEFAULT CHARSET=latin1;

--
-- Dumping data for table `admins`
--

INSERT INTO `admins` (`admin_id`, `admin_name`, `admin_email`, `admin_pass`, `admin_image`, `admin_contact`, `admin_country`, `admin_job`, `admin_about`) VALUES
(2, 'Administrator', 'admin@mail.com', 'Password@123', 'user-profile-min.png', '7777775500', 'Zim', 'Front-End Developer', 'enthusiastic young fellow');

-- --------------------------------------------------------

--
-- Table structure for table `bundle_product_relation`
--

DROP TABLE IF EXISTS `bundle_product_relation`;
CREATE TABLE IF NOT EXISTS `bundle_product_relation` (
  `rel_id` int(10) NOT NULL AUTO_INCREMENT,
  `rel_title` varchar(255) NOT NULL,
  `product_id` int(10) NOT NULL,
  `bundle_id` int(10) NOT NULL,
  PRIMARY KEY (`rel_id`)
) ENGINE=InnoDB DEFAULT CHARSET=latin1;

-- --------------------------------------------------------

--
-- Table structure for table `cart`
--

DROP TABLE IF EXISTS `cart`;
CREATE TABLE IF NOT EXISTS `cart` (
  `p_id` int(10) NOT NULL,
  `ip_add` varchar(255) NOT NULL,
  `qty` int(10) NOT NULL,
  `p_price` varchar(255) NOT NULL,
  `size` text NOT NULL,
  PRIMARY KEY (`p_id`)
) ENGINE=InnoDB DEFAULT CHARSET=latin1;

-- --------------------------------------------------------

--
-- Table structure for table `categories`
--

DROP TABLE IF EXISTS `categories`;
CREATE TABLE IF NOT EXISTS `categories` (
  `cat_id` int(10) NOT NULL AUTO_INCREMENT,
  `cat_title` text NOT NULL,
  `cat_top` text NOT NULL,
  `cat_image` text NOT NULL,
  PRIMARY KEY (`cat_id`)
) ENGINE=InnoDB AUTO_INCREMENT=6 DEFAULT CHARSET=latin1;

--
-- Dumping data for table `categories`
--

INSERT INTO `categories` (`cat_id`, `cat_title`, `cat_top`, `cat_image`) VALUES
(2, 'Feminine', 'no', 'feminelg.png'),
(3, 'Kids', 'no', 'kidslg.jpg'),
(4, 'Others', 'yes', 'othericon.png'),
(5, 'Men', 'yes', 'malelg.png');

-- --------------------------------------------------------

--
-- Table structure for table `contact_us`
--

DROP TABLE IF EXISTS `contact_us`;
CREATE TABLE IF NOT EXISTS `contact_us` (
  `contact_id` int(10) NOT NULL AUTO_INCREMENT,
  `contact_email` text NOT NULL,
  `contact_heading` text NOT NULL,
  `contact_desc` text NOT NULL,
  PRIMARY KEY (`contact_id`)
) ENGINE=InnoDB AUTO_INCREMENT=2 DEFAULT CHARSET=latin1;

--
-- Dumping data for table `contact_us`
--

INSERT INTO `contact_us` (`contact_id`, `contact_email`, `contact_heading`, `contact_desc`) VALUES
(1, 'contactus@gmail.com', 'Contact  To Us', 'If you have any questions, please feel free to contact us, our customer service center is working for you 24/7.');

-- --------------------------------------------------------

--
-- Table structure for table `coupons`
--

DROP TABLE IF EXISTS `coupons`;
CREATE TABLE IF NOT EXISTS `coupons` (
  `coupon_id` int(10) NOT NULL AUTO_INCREMENT,
  `product_id` int(10) NOT NULL,
  `coupon_title` varchar(255) NOT NULL,
  `coupon_price` varchar(255) NOT NULL,
  `coupon_code` varchar(255) NOT NULL,
  `coupon_limit` int(100) NOT NULL,
  `coupon_used` int(100) NOT NULL,
  PRIMARY KEY (`coupon_id`)
) ENGINE=InnoDB AUTO_INCREMENT=7 DEFAULT CHARSET=latin1;

--
-- Dumping data for table `coupons`
--

INSERT INTO `coupons` (`coupon_id`, `product_id`, `coupon_title`, `coupon_price`, `coupon_code`, `coupon_limit`, `coupon_used`) VALUES
(5, 8, 'Sale', '10', 'CASTRO', 2, 1),
(6, 14, 'Sale', '65', 'CODEASTRO', 3, 1);

-- --------------------------------------------------------

--
-- Table structure for table `customers`
--

DROP TABLE IF EXISTS `customers`;
CREATE TABLE IF NOT EXISTS `customers` (
  `customer_id` int(10) NOT NULL AUTO_INCREMENT,
  `customer_name` varchar(255) NOT NULL,
  `customer_email` varchar(255) NOT NULL,
  `customer_pass` varchar(255) NOT NULL,
  `customer_country` text NOT NULL,
  `customer_city` text NOT NULL,
  `customer_contact` varchar(255) NOT NULL,
  `customer_address` text NOT NULL,
  `customer_image` text NOT NULL,
  `customer_ip` varchar(255) NOT NULL,
  `customer_confirm_code` text NOT NULL,
  PRIMARY KEY (`customer_id`)
) ENGINE=InnoDB AUTO_INCREMENT=8 DEFAULT CHARSET=latin1;

--
-- Dumping data for table `customers`
--

INSERT INTO `customers` (`customer_id`, `customer_name`, `customer_email`, `customer_pass`, `customer_country`, `customer_city`, `customer_contact`, `customer_address`, `customer_image`, `customer_ip`, `customer_confirm_code`) VALUES
(2, 'user', 'user@ave.com', '123', 'United State', 'New York', '0092334566931', 'new york', 'user.jpg', '::1', ''),
(3, 'Demo Customer', 'demo@customer.com', 'Password123', 'DemoCountry', 'DemoCity', '700000000', 'DemoAddress', 'sample_image.jpg', '::1', ''),
(4, 'Thomas', 'thomas@demo.com', 'Password123', 'One Country', 'One City', '777777777', '111 Address', 'sample_img360.png', '::1', '1427053935'),
(5, 'Fracis', 'test@customer.com', 'Password123', 'US', 'Demo City', '780000000', '112 Bleck Street', 'userav-min.png', '::1', '1634138674'),
(6, 'Sample Customer', 'customer@mail.com', 'Password123', 'Sample Country', 'Sample City', '7800000000', 'Sample Address', 'user-icn-min.png', '::1', '174829126'),
(7, 'clyde', 'clydem22@gmail.com', 'clydem@0', 'zim', 'harare', '12345678', 'bro 6', '0_GettyImages-1229263139-1.jpg', '::1', '1541359550');

-- --------------------------------------------------------

--
-- Table structure for table `customer_orders`
--

DROP TABLE IF EXISTS `customer_orders`;
CREATE TABLE IF NOT EXISTS `customer_orders` (
  `order_id` int(10) NOT NULL AUTO_INCREMENT,
  `customer_id` int(10) NOT NULL,
  `due_amount` int(100) NOT NULL,
  `invoice_no` int(100) NOT NULL,
  `qty` int(10) NOT NULL,
  `size` text NOT NULL,
  `order_date` timestamp NOT NULL DEFAULT CURRENT_TIMESTAMP ON UPDATE CURRENT_TIMESTAMP,
  `order_status` text NOT NULL,
  PRIMARY KEY (`order_id`)
) ENGINE=InnoDB AUTO_INCREMENT=34 DEFAULT CHARSET=latin1;

--
-- Dumping data for table `customer_orders`
--

INSERT INTO `customer_orders` (`order_id`, `customer_id`, `due_amount`, `invoice_no`, `qty`, `size`, `order_date`, `order_status`) VALUES
(17, 2, 100, 1715523401, 2, 'Large', '2017-02-20 08:21:42', 'pending'),
(23, 3, 20, 1762810884, 1, 'Medium', '2021-09-14 08:35:57', 'Complete'),
(24, 4, 100, 1972602052, 1, 'Large', '2021-09-14 16:37:52', 'Complete'),
(25, 4, 90, 2008540778, 1, 'Medium', '2021-09-14 16:43:15', 'pending'),
(27, 5, 120, 2138906686, 1, 'Small', '2021-09-15 03:18:41', 'Complete'),
(28, 5, 180, 361540113, 2, 'Medium', '2021-09-15 03:25:42', 'Complete'),
(29, 3, 100, 858195683, 1, 'Large', '2021-09-15 03:14:01', 'Complete'),
(31, 6, 245, 901707655, 1, 'Medium', '2021-09-15 03:52:18', 'Complete'),
(32, 6, 75, 2125554712, 1, 'Large', '2021-09-15 03:52:58', 'pending'),
(33, 7, 100, 2045336677, 1, 'Large', '2022-10-14 07:07:45', 'pending');

-- --------------------------------------------------------

--
-- Table structure for table `enquiry_types`
--

DROP TABLE IF EXISTS `enquiry_types`;
CREATE TABLE IF NOT EXISTS `enquiry_types` (
  `enquiry_id` int(10) NOT NULL AUTO_INCREMENT,
  `enquiry_title` varchar(255) NOT NULL,
  PRIMARY KEY (`enquiry_id`)
) ENGINE=InnoDB AUTO_INCREMENT=4 DEFAULT CHARSET=latin1;

--
-- Dumping data for table `enquiry_types`
--

INSERT INTO `enquiry_types` (`enquiry_id`, `enquiry_title`) VALUES
(1, 'Order and Delivery Support'),
(2, 'Technical Support'),
(3, 'Price Concern');

-- --------------------------------------------------------

--
-- Table structure for table `manufacturers`
--

DROP TABLE IF EXISTS `manufacturers`;
CREATE TABLE IF NOT EXISTS `manufacturers` (
  `manufacturer_id` int(10) NOT NULL AUTO_INCREMENT,
  `manufacturer_title` text NOT NULL,
  `manufacturer_top` text NOT NULL,
  `manufacturer_image` text NOT NULL,
  PRIMARY KEY (`manufacturer_id`)
) ENGINE=InnoDB AUTO_INCREMENT=9 DEFAULT CHARSET=latin1;

--
-- Dumping data for table `manufacturers`
--

INSERT INTO `manufacturers` (`manufacturer_id`, `manufacturer_title`, `manufacturer_top`, `manufacturer_image`) VALUES
(2, 'Adidas', 'no', 'adilg.png'),
(3, 'Nike', 'no', 'niketransl.png'),
(4, 'Philip Plein', 'no', 'pplg.png'),
(5, 'Lacoste', 'no', 'lacostelg.png'),
(7, 'Polo', 'no', 'polobn.jpg'),
(8, 'Gildan 1800', 'no', 'sample_img360.png');

-- --------------------------------------------------------

--
-- Table structure for table `payments`
--

DROP TABLE IF EXISTS `payments`;
CREATE TABLE IF NOT EXISTS `payments` (
  `payment_id` int(10) NOT NULL AUTO_INCREMENT,
  `invoice_no` int(10) NOT NULL,
  `amount` int(10) NOT NULL,
  `payment_mode` text NOT NULL,
  `ref_no` int(10) NOT NULL,
  `code` int(10) NOT NULL,
  `payment_date` text NOT NULL,
  PRIMARY KEY (`payment_id`)
) ENGINE=InnoDB AUTO_INCREMENT=26 DEFAULT CHARSET=latin1;

--
-- Dumping data for table `payments`
--

INSERT INTO `payments` (`payment_id`, `invoice_no`, `amount`, `payment_mode`, `ref_no`, `code`, `payment_date`) VALUES
(2, 1607603019, 447, 'UBL/Omni', 5678, 33, '11/1/2016'),
(3, 314788500, 345, 'UBL/Omni', 443, 865, '11/1/2016'),
(4, 6906, 400, 'Western Union', 101025780, 696950, 'January 1');

-- --------------------------------------------------------

--
-- Table structure for table `pending_orders`
--

DROP TABLE IF EXISTS `pending_orders`;
CREATE TABLE IF NOT EXISTS `pending_orders` (
  `order_id` int(10) NOT NULL AUTO_INCREMENT,
  `customer_id` int(10) NOT NULL,
  `invoice_no` int(10) NOT NULL,
  `product_id` text NOT NULL,
  `qty` int(10) NOT NULL,
  `size` text NOT NULL,
  `order_status` text NOT NULL,
  PRIMARY KEY (`order_id`)
) ENGINE=InnoDB AUTO_INCREMENT=34 DEFAULT CHARSET=latin1;

--
-- Dumping data for table `pending_orders`
--

INSERT INTO `pending_orders` (`order_id`, `customer_id`, `invoice_no`, `product_id`, `qty`, `size`, `order_status`) VALUES
(17, 2, 1715523401, '9', 2, 'Large', 'pending'),
(23, 3, 1762810884, '12', 1, 'Medium', 'Complete'),
(24, 4, 1972602052, '5', 1, 'Large', 'Complete'),
(25, 4, 2008540778, '13', 1, 'Medium', 'pending'),
(27, 5, 2138906686, '14', 1, 'Small', 'Complete'),
(28, 5, 361540113, '13', 2, 'Medium', 'Complete'),
(29, 3, 858195683, '5', 1, 'Large', 'Complete'),
(31, 6, 901707655, '8', 1, 'Medium', 'Complete'),
(32, 6, 2125554712, '15', 1, 'Large', 'pending'),
(33, 7, 2045336677, '5', 1, 'Large', 'pending');

-- --------------------------------------------------------

--
-- Table structure for table `products`
--

DROP TABLE IF EXISTS `products`;
CREATE TABLE IF NOT EXISTS `products` (
  `product_id` int(10) NOT NULL AUTO_INCREMENT,
  `p_cat_id` int(10) NOT NULL,
  `cat_id` int(10) NOT NULL,
  `manufacturer_id` int(10) NOT NULL,
  `date` timestamp NOT NULL DEFAULT CURRENT_TIMESTAMP ON UPDATE CURRENT_TIMESTAMP,
  `product_title` text NOT NULL,
  `product_url` text NOT NULL,
  `product_img1` text NOT NULL,
  `product_img2` text NOT NULL,
  `product_img3` text NOT NULL,
  `product_price` int(10) NOT NULL,
  `product_psp_price` int(100) NOT NULL,
  `product_desc` text NOT NULL,
  `product_features` text NOT NULL,
  `product_video` text NOT NULL,
  `product_keywords` text NOT NULL,
  `product_label` text NOT NULL,
  `status` varchar(255) NOT NULL,
  PRIMARY KEY (`product_id`)
) ENGINE=InnoDB AUTO_INCREMENT=16 DEFAULT CHARSET=latin1;

--
-- Dumping data for table `products`
--

INSERT INTO `products` (`product_id`, `p_cat_id`, `cat_id`, `manufacturer_id`, `date`, `product_title`, `product_url`, `product_img1`, `product_img2`, `product_img3`, `product_price`, `product_psp_price`, `product_desc`, `product_features`, `product_video`, `product_keywords`, `product_label`, `status`) VALUES
(5, 7, 5, 5, '2022-10-14 04:42:02', 'Denim Borg Lined Western Jacket', 'product-url-5', 'Next-Denim-Borg-Lined-Western-Jacket-0463-0064553-1-pdp_slider_l.jpg', 'Next-Denim-Borg-Lined-Western-Jacket-0463-0064553-2-pdp_slider_l.jpg', 'Next-Denim-Borg-Lined-Western-Jacket-0465-0064553-3-pdp_slider_l.jpg', 259, 100, '\r\n\r\n\r\n<p>Check it out.</p>\r\n\r\n\r\n', '\r\n\r\n\r\n\r\n', '\r\n\r\n\r\n<iframe width=\"854\" height=\"480\" src=\"https://www.youtube.com/embed/qRswlmADRa8\" frameborder=\"0\" allowfullscreen></iframe>\r\n\r\n\r\n', 'Jackets', 'Gift', 'product'),
(8, 4, 2, 4, '2022-10-14 04:41:19', 'Sleeveless Flaux Fur Hybrid Coat', 'product-url-8', 'Black Blouse Versace Coat1.jpg', 'Black Blouse Versace Coat2.jpg', 'Black Blouse Versace Coat3.jpg', 245, 100, '\r\n\r\n\r\n\r\n\r\n\r\n\r\n<p>Black is the colour.</p>\r\n\r\n\r\n\r\n\r\n\r\n\r\n', '\r\n\r\n\r\n\r\n\r\n\r\n\r\n\r\n\r\n\r\n\r\n\r\n\r\n', '\r\n\r\n\r\n\r\n\r\n\r\n\r\n<iframe width=\"854\" height=\"480\" src=\"https://www.youtube.com/embed/qRswlmADRa8\" frameborder=\"0\" allowfullscreen></iframe>\r\n\r\n\r\n\r\n\r\n\r\n\r\n', 'Coats', 'New', 'product'),
(9, 5, 4, 7, '2022-10-14 04:39:49', 'Long Sleeves Polo Shirt for Men', 'product-url-9', 'product-1.jpg', 'product-2.jpg', 'product-3.jpg', 50, 35, '\r\n\r\n\r\n\r\n\r\n\r\n\r\n<p>its cool.</p>\r\n\r\n\r\n\r\n\r\n\r\n\r\n', '\r\n\r\n\r\n\r\n\r\n\r\n\r\nits a slim fit,\r\n\r\n\r\n\r\n\r\n\r\n\r\n', '\r\n\r\n\r\n\r\n\r\n\r\n\r\n<iframe width=\"854\" height=\"480\" src=\"https://www.youtube.com/embed/qRswlmADRa8\" frameborder=\"0\" allowfullscreen></iframe>\r\n\r\n\r\n\r\n\r\n\r\n\r\n', 'T-Shirt', 'Sale', 'product'),
(12, 8, 5, 2, '2022-10-14 04:37:23', 'Ultraboost 21 PrimeBlue Shoes', 'ultraboost-21-adidas', 'Ultraboost_21.jpg', 'Ultraboost_21_2.jpg', 'Ultraboost_21_3.jpg', 150, 180, '\r\n\r\n\r\nThis product is made with Primeblue, a high-performance recycled material made in part with Parley Ocean Plastic. 50% of the upper is textile, 92% of the textile is Primeblue yarn. No virgin polyester.\r\n', '\r\n\r\n\r\nComfortable and responsive, Ultraboost became our first shoe to be as popular in streetwear style as it is in performance running.\r\n', '\r\n\r\nhttps://assets.adidas.com/videos/q_auto,f_auto,g_auto/599fff35a3cf432aa9bbac7c0091316f_d98c/Ultraboost_21_Primeblue_Shoes_Blue_FX7729_video.mp4\r\n\r\n', 'sneakers adidas ultraboost shoes', 'New', 'product'),
(13, 9, 2, 3, '2022-10-14 04:36:35', 'Nike Sportswear Essential Collection', 'nike-sportswear-essen-col', 'nike-s.jpg', 'nike-s2.jpg', 'nike-s02.jpg', 90, 85, '\r\n\r\n\r\n\r\n\r\n\r\ncool for the summer.\r\n\r\n\r\n\r\n\r\n\r\n\r\n\r\n', '\r\n\r\n\r\n\r\n\r\n\r\n\r\namazing and slick.\r\n\r\n\r\n\r\n\r\n\r\n', '\r\n\r\n\r\n\r\n\r\n\r\n\r\ncoming soon.\r\n\r\n\r\n\r\n\r\n\r\n\r\n', 'nike sportswear', 'Featured', 'product'),
(15, 5, 5, 8, '2021-09-15 03:46:42', 'Gildan 1800 Ultra Cotton Polo Shirt', 'cotton-polo-shirt', 'g18bulk.jpg', 'g18bulk2.jpg', 'g18bulk3.jpg', 88, 75, '\r\nTHIS IS A DEMO DESCRIPTION\r\n', '\r\n\r\nDEMO FEATURES\r\n\r\n', '\r\n\r\n\r\n\r\n', 'polo shirt', 'Sale', 'bundle');

-- --------------------------------------------------------

--
-- Table structure for table `product_categories`
--

DROP TABLE IF EXISTS `product_categories`;
CREATE TABLE IF NOT EXISTS `product_categories` (
  `p_cat_id` int(10) NOT NULL AUTO_INCREMENT,
  `p_cat_title` text NOT NULL,
  `p_cat_top` text NOT NULL,
  `p_cat_image` text NOT NULL,
  PRIMARY KEY (`p_cat_id`)
) ENGINE=InnoDB AUTO_INCREMENT=10 DEFAULT CHARSET=latin1;

--
-- Dumping data for table `product_categories`
--

INSERT INTO `product_categories` (`p_cat_id`, `p_cat_title`, `p_cat_top`, `p_cat_image`) VALUES
(4, 'Coats', 'no', 'coaticn.png'),
(5, 'T-Shirts', 'no', 'tshirticn.png'),
(6, 'Sweater', 'no', 'sweatericn.png'),
(7, 'jackets', 'yes', 'jacketicn.png'),
(8, 'Sneakers', 'yes', 'sneakericn.png'),
(9, 'Trousers', 'no', 'trousericn.png');

-- --------------------------------------------------------

--
-- Table structure for table `store`
--

DROP TABLE IF EXISTS `store`;
CREATE TABLE IF NOT EXISTS `store` (
  `store_id` int(10) NOT NULL AUTO_INCREMENT,
  `store_title` varchar(255) NOT NULL,
  `store_image` varchar(255) NOT NULL,
  `store_desc` text NOT NULL,
  `store_button` varchar(255) NOT NULL,
  `store_url` varchar(255) NOT NULL,
  PRIMARY KEY (`store_id`)
) ENGINE=InnoDB AUTO_INCREMENT=7 DEFAULT CHARSET=latin1;

--
-- Dumping data for table `store`
--

INSERT INTO `store` (`store_id`, `store_title`, `store_image`, `store_desc`, `store_button`, `store_url`) VALUES
(4, 'London Store', 'store (3).jpg', '<p style=\"text-align: center;\"><strong>180-182 RECENTS STREET, LONDON, W1B 5BT</strong></p>\r\n<p>Lorem ipsum dolor sit amet, consectetur adipiscing elit. Ut libero erat, aliquet eget mauris ut, dictum sagittis libero. Nam at dui dapibus, semper dolor ac, malesuada mi. Duis quis lobortis arcu. Vivamus sed sodales orci, non varius dolor.</p>', 'View Map', 'http://www.thedailylux.com/ecommerce'),
(5, 'New York Store', 'store (1).png', '<p style=\"text-align: center;\"><strong>109 COLUMBUS CIRCLE, NEW YORK, NY10023</strong></p>\r\n<p>Lorem ipsum dolor sit amet, consectetur adipiscing elit. Ut libero erat, aliquet eget mauris ut, dictum sagittis libero. Nam at dui dapibus, semper dolor ac, malesuada mi. Duis quis lobortis arcu. Vivamus sed sodales orci, non varius dolor.</p>', 'View Map', 'http://www.thedailylux.com/ecommerce'),
(6, 'Paris Store', 'store (2).jpg', '<p style=\"text-align: center;\"><strong>2133 RUE SAINT-HONORE, 75001 PARIS&nbsp;</strong></p>\r\n<p>Lorem ipsum dolor sit amet, consectetur adipiscing elit. Ut libero erat, aliquet eget mauris ut, dictum sagittis libero. Nam at dui dapibus, semper dolor ac, malesuada mi. Duis quis lobortis arcu. Vivamus sed sodales orci, non varius dolor.</p>', 'View Map', 'http://www.thedailylux.com/ecommerce');

-- --------------------------------------------------------

--
-- Table structure for table `terms`
--

DROP TABLE IF EXISTS `terms`;
CREATE TABLE IF NOT EXISTS `terms` (
  `term_id` int(10) NOT NULL AUTO_INCREMENT,
  `term_title` varchar(100) NOT NULL,
  `term_link` varchar(100) NOT NULL,
  `term_desc` text NOT NULL,
  PRIMARY KEY (`term_id`)
) ENGINE=InnoDB AUTO_INCREMENT=4 DEFAULT CHARSET=latin1;

--
-- Dumping data for table `terms`
--

INSERT INTO `terms` (`term_id`, `term_title`, `term_link`, `term_desc`) VALUES
(1, 'Rules And Regulations', 'rules', '<p>Contrary to popular belief, Lorem Ipsum is not simply random text. It has roots in a piece of classical Latin literature from 45 BC, making it over 2000 years old. Richard McClintock, a Latin professor at Hampden-Sydney College in Virginia, looked up one of the more obscure Latin words, consectetur, from a Lorem Ipsum passage, and going through the cites of the word in classical literature, discovered the undoubtable source. Lorem Ipsum comes from sections 1.10.32 and 1.10.33 of \"de Finibus Bonorum et Malorum\" (The Extremes of Good and Evil) by Cicero, written in 45 BC. This book is a treatise on the theory of ethics, very popular during the Renaissance.&nbsp;</p>'),
(2, 'Refund Policy', 'link2', 'It is a long established fact that a reader will be distracted by the readable content of a page when looking at its layout. The point of using Lorem Ipsum is that it has a more-or-less normal distribution of letters, as opposed to using \'Content here, content here\', making it look like readable English. Many desktop publishing packages and web page editors now use Lorem Ipsum as their default model text, and a search for \'lorem ipsum\' will uncover many web sites still in their infancy. Various versions have evolved over the years, sometimes by accident, sometimes on purpose (injected humour and the like).Why do we use it?It is a long established fact that a reader will be distracted by the readable content of a page when looking at its layout. The point of using Lorem Ipsum is that it has a more-or-less normal distribution of letters, as opposed to using \'Content here, content here\', making it look like readable English. Many desktop publishing packages and web page editors now use Lorem Ipsum as their default model text, and a search for \'lorem ipsum\' will uncover many web sites still in their infancy. Various versions have evolved over the years, sometimes by accident, sometimes on'),
(3, 'Pricing and Promotions Policy', 'link3', 'It is a long established fact that a reader will be distracted by the readable content of a page when looking at its layout. The point of using Lorem Ipsum is that it has a more-or-less normal distribution of letters, as opposed to using \'Content here, content here\', making it look like readable English. Many desktop publishing packages and web page editors now use Lorem Ipsum as their default model text, and a search for \'lorem ipsum\' will uncover many web sites still in their infancy. Various versions have evolved over the years, sometimes by accident, sometimes on purpose (injected humour and the like).Why do we use it?It is a long established fact that a reader will be distracted by the readable content of a page when looking at its layout. The point of using Lorem Ipsum is that it has a more-or-less normal distribution of letters, as opposed to using \'Content here, content here\', making it look like readable English. Many desktop publishing packages and web page editors now use Lorem Ipsum as their default model text, and a search for \'lorem ipsum\' will uncover many web sites still in their infancy. Various versions have evolved over the years, sometimes by accident, sometimes on');

-- --------------------------------------------------------

--
-- Table structure for table `wishlist`
--

DROP TABLE IF EXISTS `wishlist`;
CREATE TABLE IF NOT EXISTS `wishlist` (
  `wishlist_id` int(10) NOT NULL AUTO_INCREMENT,
  `customer_id` int(10) NOT NULL,
  `product_id` int(10) NOT NULL,
  PRIMARY KEY (`wishlist_id`)
) ENGINE=InnoDB AUTO_INCREMENT=6 DEFAULT CHARSET=latin1;

--
-- Dumping data for table `wishlist`
--

INSERT INTO `wishlist` (`wishlist_id`, `customer_id`, `product_id`) VALUES
(2, 2, 8),
(3, 5, 13),
(4, 3, 13),
(5, 6, 15);
COMMIT;

/*!40101 SET CHARACTER_SET_CLIENT=@OLD_CHARACTER_SET_CLIENT */;
/*!40101 SET CHARACTER_SET_RESULTS=@OLD_CHARACTER_SET_RESULTS */;
/*!40101 SET COLLATION_CONNECTION=@OLD_COLLATION_CONNECTION */;
